lon_min,lat_min,lon_max,lat_max,value
167.5,-47.5,170.0,-45.0,18.451652861585558
170.0,-45.0,172.5,-42.5,6.016637253200997
-75.0,-42.5,-72.5,-40.0,9.75995757588771
-72.5,-42.5,-70.0,-40.0,24.48511080493074
145.0,-42.5,147.5,-40.0,71.53816657823074
172.5,-42.5,175.0,-40.0,14.983248871347541
-75.0,-40.0,-72.5,-37.5,2.134994739937042
-72.5,-40.0,-70.0,-37.5,3.0
-62.5,-40.0,-60.0,-37.5,11.090024604228574
-60.0,-40.0,-57.5,-37.5,18.36668375670297
142.5,-40.0,145.0,-37.5,6.541692237134043
145.0,-40.0,147.5,-37.5,15.281685109180557
175.0,-40.0,177.5,-37.5,24.951801517782883
-72.5,-37.5,-70.0,-35.0,3.9900176480794016
-65.0,-37.5,-62.5,-35.0,5.263334578593685
-62.5,-37.5,-60.0,-35.0,15.199914808166795
-60.0,-37.5,-57.5,-35.0,2.025005431867271
140.0,-37.5,142.5,-35.0,6.711659989539044
142.5,-37.5,145.0,-35.0,8.598343230829073
145.0,-37.5,147.5,-35.0,41.644912768471954
147.5,-37.5,150.0,-35.0,7.075001524281902
172.5,-37.5,175.0,-35.0,5.376666108623567
-72.5,-35.0,-70.0,-32.5,84.71832966213935
-70.0,-35.0,-67.5,-32.5,9.73505124815199
-67.5,-35.0,-65.0,-32.5,4.526683928507282
-65.0,-35.0,-62.5,-32.5,4.6266761133365435
-62.5,-35.0,-60.0,-32.5,22.329967924209313
-60.0,-35.0,-57.5,-32.5,4.733337970766115
-57.5,-35.0,-55.0,-32.5,8.491681373399501
-55.0,-35.0,-52.5,-32.5,2.636658465257142
17.5,-35.0,20.0,-32.5,293.0939442705467
20.0,-35.0,22.5,-32.5,4.52999660782757
22.5,-35.0,25.0,-32.5,10.310003220368117
25.0,-35.0,27.5,-32.5,6.038315234428069
115.0,-35.0,117.5,-32.5,9.338336102875587
135.0,-35.0,137.5,-32.5,3.134994739937042
137.5,-35.0,140.0,-32.5,14.271687985940048
145.0,-35.0,147.5,-32.5,2.1316672892968427
147.5,-35.0,150.0,-32.5,23.284997788500846
150.0,-35.0,152.5,-32.5,646.8705739728733
-72.5,-32.5,-70.0,-30.0,7.661663897124413
-70.0,-32.5,-67.5,-30.0,35.8464712925329
-67.5,-32.5,-65.0,-30.0,2.1566727211641137
-65.0,-32.5,-62.5,-30.0,30.14173397402908
-62.5,-32.5,-60.0,-30.0,37.761755186085225
-60.0,-32.5,-57.5,-30.0,3.8183366182885266
-55.0,-32.5,-52.5,-30.0,9.503362231386063
-52.5,-32.5,-50.0,-30.0,2.981649469413128
25.0,-32.5,27.5,-30.0,6.56165694097524
27.5,-32.5,30.0,-30.0,113.55157548492309
115.0,-32.5,117.5,-30.0,10.168353579150676
147.5,-32.5,150.0,-30.0,2.8683327107031573
150.0,-32.5,152.5,-30.0,9.563370218361115
-72.5,-30.0,-70.0,-27.5,2.555002039694841
-67.5,-30.0,-65.0,-27.5,3.504991175960299
-65.0,-30.0,-62.5,-27.5,5.320000343608626
-60.0,-30.0,-57.5,-27.5,13.24004242411229
-57.5,-30.0,-55.0,-27.5,10.029947055761795
-55.0,-30.0,-52.5,-27.5,33.7399380818747
-52.5,-30.0,-50.0,-27.5,41.7100162736449
-50.0,-30.0,-47.5,-27.5,21.08677101018793
20.0,-30.0,22.5,-27.5,15.008397721306096
22.5,-30.0,25.0,-27.5,3.6083255827496714
25.0,-30.0,27.5,-27.5,14.206668813578744
27.5,-30.0,30.0,-27.5,68.584864762645
30.0,-30.0,32.5,-27.5,105.43327278835886
150.0,-30.0,152.5,-27.5,3.495008824039701
152.5,-30.0,155.0,-27.5,32.27350036745747
-67.5,-27.5,-65.0,-25.0,2.504991175960299
-65.0,-27.5,-62.5,-25.0,3.134994739937042
-62.5,-27.5,-60.0,-25.0,3.1033344067893722
-60.0,-27.5,-57.5,-25.0,3.7366654214063146
-57.5,-27.5,-55.0,-25.0,19.783348834500657
-55.0,-27.5,-52.5,-25.0,38.40318660961361
-52.5,-27.5,-50.0,-25.0,34.514859652429436
-50.0,-27.5,-47.5,-25.0,202.35517774544394
22.5,-27.5,25.0,-25.0,13.238343918046326
25.0,-27.5,27.5,-25.0,35.22006294895118
27.5,-27.5,30.0,-25.0,116.10378561348739
30.0,-27.5,32.5,-25.0,136.5250106699733
145.0,-27.5,147.5,-25.0,4.360014084102659
150.0,-27.5,152.5,-25.0,2.504991175960299
-57.5,-25.0,-55.0,-22.5,13.72838157555168
-55.0,-25.0,-52.5,-22.5,35.461620442186245
-52.5,-25.0,-50.0,-22.5,49.65509762376348
-50.0,-25.0,-47.5,-22.5,20.601670681469272
-47.5,-25.0,-45.0,-22.5,311.8512896002542
25.0,-25.0,27.5,-22.5,4.3733238866634565
27.5,-25.0,30.0,-22.5,83.14819066704638
30.0,-25.0,32.5,-22.5,26.978475913076295
32.5,-25.0,35.0,-22.5,4.9716671174925295
42.5,-25.0,45.0,-22.5,4.4733456141325405
45.0,-25.0,47.5,-22.5,3.3916744172503286
132.5,-25.0,135.0,-22.5,20.63321713916548
150.0,-25.0,152.5,-22.5,36.42823206033279
-65.0,-22.5,-62.5,-20.0,5.721642341459642
-57.5,-22.5,-55.0,-20.0,12.604998132109472
-52.5,-22.5,-50.0,-20.0,26.730025291445827
-50.0,-22.5,-47.5,-20.0,80.4816990214789
-47.5,-22.5,-45.0,-20.0,48.94000678434486
-45.0,-22.5,-42.5,-20.0,75.48672497818507
-42.5,-22.5,-40.0,-20.0,23.59997217540331
17.5,-22.5,20.0,-20.0,2.0033274506401995
25.0,-22.5,27.5,-20.0,4.103334406789372
27.5,-22.5,30.0,-20.0,24.604998132109472
30.0,-22.5,32.5,-20.0,11.586662372842511
42.5,-22.5,45.0,-20.0,2.1000069561491728
147.5,-22.5,150.0,-20.0,15.428276374292523
-67.5,-20.0,-65.0,-17.5,5.896665593210628
-55.0,-20.0,-52.5,-17.5,2.369996436023257
-52.5,-20.0,-50.0,-17.5,7.7433203226867136
-50.0,-20.0,-47.5,-17.5,17.341663553515787
-47.5,-20.0,-45.0,-17.5,29.175107584562625
-45.0,-20.0,-42.5,-17.5,7.771653205194184
-42.5,-20.0,-40.0,-17.5,20.25829385056761
15.0,-20.0,17.5,-17.5,2.316672892968427
27.5,-20.0,30.0,-17.5,37.96833966685233
30.0,-20.0,32.5,-17.5,28.524955879801496
32.5,-20.0,35.0,-17.5,11.508318626600499
35.0,-20.0,37.5,-17.5,4.3983293185307275
45.0,-20.0,47.5,-17.5,20.821649297608815
47.5,-20.0,50.0,-17.5,6.611653033389871
145.0,-20.0,147.5,-17.5,15.246697325392688
-72.5,-17.5,-70.0,-15.0,35.88353922759302
-70.0,-17.5,-67.5,-15.0,30.96833966685233
-62.5,-17.5,-60.0,-15.0,2.109989308069771
-57.5,-17.5,-55.0,-15.0,2.395001867890528
-55.0,-17.5,-52.5,-15.0,5.94000678434486
-52.5,-17.5,-50.0,-15.0,13.521628429161296
-50.0,-17.5,-47.5,-15.0,135.90901063747822
-47.5,-17.5,-45.0,-15.0,4.0
-45.0,-17.5,-42.5,-15.0,8.47333084281263
-42.5,-17.5,-40.0,-15.0,6.9966725493598005
-40.0,-17.5,-37.5,-15.0,5.4283607071041615
22.5,-17.5,25.0,-15.0,3.3666689853830576
25.0,-17.5,27.5,-15.0,15.17996487564551
27.5,-17.5,30.0,-15.0,18.00001477131991
30.0,-17.5,32.5,-15.0,25.91500135247759
32.5,-17.5,35.0,-15.0,61.305274576056604
35.0,-17.5,37.5,-15.0,16.951717184971244
37.5,-17.5,40.0,-15.0,12.611667804709782
45.0,-17.5,47.5,-15.0,9.056665765014941
47.5,-17.5,50.0,-15.0,3.9249984757180982
-77.5,-15.0,-75.0,-12.5,29.75995757588771
-75.0,-15.0,-72.5,-12.5,17.771653205194184
-72.5,-15.0,-70.0,-12.5,10.471716669558305
-60.0,-15.0,-57.5,-12.5,3.210011035538855
-57.5,-15.0,-55.0,-12.5,14.136594141871456
-50.0,-15.0,-47.5,-12.5,4.993345098719601
-47.5,-15.0,-45.0,-12.5,6.238329146726414
-45.0,-15.0,-42.5,-12.5,8.871674932663268
-42.5,-15.0,-40.0,-12.5,12.993345098719601
-40.0,-15.0,-37.5,-12.5,2.6266761133365435
12.5,-15.0,15.0,-12.5,6.881642513263955
15.0,-15.0,17.5,-12.5,6.573352570281713
20.0,-15.0,22.5,-12.5,2.0033274506401995
22.5,-15.0,25.0,-12.5,5.106661857429572
25.0,-15.0,27.5,-12.5,3.495008824039701
27.5,-15.0,30.0,-12.5,33.37169494208922
30.0,-15.0,32.5,-12.5,2.9783220187729285
32.5,-15.0,35.0,-12.5,220.06474710749865
37.5,-15.0,40.0,-12.5,33.771667976514095
47.5,-15.0,50.0,-12.5,9.945047512370934
-77.5,-12.5,-75.0,-10.0,4.664991347764612
-70.0,-12.5,-67.5,-10.0,13.41669462043751
-67.5,-12.5,-65.0,-10.0,5.2700042511939955
-62.5,-12.5,-60.0,-10.0,22.615050045521798
-60.0,-12.5,-57.5,-10.0,14.658321675164302
-50.0,-12.5,-47.5,-10.0,3.758343402633386
-42.5,-12.5,-40.0,-10.0,6.103334406789372
-40.0,-12.5,-37.5,-10.0,20.3283685222749
12.5,-12.5,15.0,-10.0,27.249925671901337
15.0,-12.5,17.5,-10.0,24.949989136265458
25.0,-12.5,27.5,-10.0,2.1316672892968427
27.5,-12.5,30.0,-10.0,55.39804677745599
30.0,-12.5,32.5,-10.0,5.865005260062958
32.5,-12.5,35.0,-10.0,108.71658684211366
35.0,-12.5,37.5,-10.0,4.9783220187729285
37.5,-12.5,40.0,-10.0,7.886698012609941
-80.0,-10.0,-77.5,-7.5,6.14830454249784
-77.5,-10.0,-75.0,-7.5,5.796658637061455
-65.0,-10.0,-62.5,-7.5,134.88399043429104
-50.0,-10.0,-47.5,-7.5,10.938293506958985
-42.5,-10.0,-40.0,-7.5,3.764998303913785
-40.0,-10.0,-37.5,-7.5,7.9716671174925295
-37.5,-10.0,-35.0,-7.5,43.38510384878157
12.5,-10.0,15.0,-7.5,67.11703633076854
15.0,-10.0,17.5,-7.5,3.0
25.0,-10.0,27.5,-7.5,8.14497709185764
27.5,-10.0,30.0,-7.5,13.626690884656455
30.0,-10.0,32.5,-7.5,39.47160279410684
32.5,-10.0,35.0,-7.5,81.81348980341772
35.0,-10.0,37.5,-7.5,44.0816564255623
37.5,-10.0,40.0,-7.5,4.906647945131226
112.5,-10.0,115.0,-7.5,7.088340869482522
115.0,-10.0,117.5,-7.5,236.00160369704224
117.5,-10.0,120.0,-7.5,27.17172534375061
120.0,-10.0,122.5,-7.5,34.33337970766115
125.0,-10.0,127.5,-7.5,11.888297414544354
-80.0,-7.5,-77.5,-5.0,36.94664691430535
-77.5,-7.5,-75.0,-5.0,10.278357658540358
-50.0,-7.5,-47.5,-5.0,5.7183148908194426
-47.5,-7.5,-45.0,-5.0,2.764998303913785
-45.0,-7.5,-42.5,-5.0,8.256679677313286
-42.5,-7.5,-40.0,-5.0,2.865005260062958
-40.0,-7.5,-37.5,-5.0,24.843327278835886
-37.5,-7.5,-35.0,-5.0,18.934966056318785
12.5,-7.5,15.0,-5.0,2.7616708532735856
15.0,-7.5,17.5,-5.0,6.6016706814692725
17.5,-7.5,20.0,-5.0,5.764998303913785
20.0,-7.5,22.5,-5.0,16.843327278835886
22.5,-7.5,25.0,-5.0,105.49030972236801
25.0,-7.5,27.5,-5.0,3.0
30.0,-7.5,32.5,-5.0,82.01017626507587
32.5,-7.5,35.0,-5.0,29.11654510521862
35.0,-7.5,37.5,-5.0,69.27161842444832
37.5,-7.5,40.0,-5.0,14.310003220368117
105.0,-7.5,107.5,-5.0,406.66750689892467
107.5,-7.5,110.0,-5.0,6.866703766128921
110.0,-7.5,112.5,-5.0,4.986690197439202
142.5,-7.5,145.0,-5.0,13.071674073641702
145.0,-7.5,147.5,-5.0,10.168353579150676
-80.0,-5.0,-77.5,-2.5,9.448325410945358
-62.5,-5.0,-60.0,-2.5,3.3666689853830576
-55.0,-5.0,-52.5,-2.5,9.078328974922101
-52.5,-5.0,-50.0,-2.5,2.160000171804313
-47.5,-5.0,-45.0,-2.5,4.273316930514284
-45.0,-5.0,-42.5,-2.5,6.131667289296843
-42.5,-5.0,-40.0,-2.5,28.54322207757673
-40.0,-5.0,-37.5,-2.5,266.81849565820585
12.5,-5.0,15.0,-2.5,8.213323714859143
17.5,-5.0,20.0,-2.5,23.338336102875587
20.0,-5.0,22.5,-2.5,3.4233347503979985
22.5,-5.0,25.0,-2.5,10.893338142570428
25.0,-5.0,27.5,-2.5,5.006654901280399
27.5,-5.0,30.0,-2.5,8.231674245446015
32.5,-5.0,35.0,-2.5,69.2334022941518
35.0,-5.0,37.5,-2.5,12.881657284583866
37.5,-5.0,40.0,-2.5,11.4950088240397
102.5,-5.0,105.0,-2.5,53.58341925501395
115.0,-5.0,117.5,-2.5,4.94334900630497
117.5,-5.0,120.0,-2.5,5.715016982819066
120.0,-5.0,122.5,-2.5,11.338336102875587
127.5,-5.0,130.0,-2.5,2.9183435744376993
132.5,-5.0,135.0,-2.5,3.8716601613433568
135.0,-5.0,137.5,-2.5,5.244984048006813
137.5,-5.0,140.0,-2.5,7.2066688135787444
142.5,-5.0,145.0,-2.5,5.043355962454143
-80.0,-2.5,-77.5,0.0,129.33104655795398
-50.0,-2.5,-47.5,0.0,95.36448972997925
-47.5,-2.5,-45.0,0.0,8.369996436023257
12.5,-2.5,15.0,0.0,2.1316672892968427
15.0,-2.5,17.5,0.0,6.588360878908475
17.5,-2.5,20.0,0.0,5.263334578593685
25.0,-2.5,27.5,0.0,5.849982180116285
27.5,-2.5,30.0,0.0,49.74816284244969
30.0,-2.5,32.5,0.0,62.468304886106466
32.5,-2.5,35.0,0.0,42.00309969973728
35.0,-2.5,37.5,0.0,33.819980334182674
37.5,-2.5,40.0,0.0,2.6266761133365435
100.0,-2.5,102.5,0.0,10.686669328991684
102.5,-2.5,105.0,0.0,17.97832201877293
112.5,-2.5,115.0,0.0,7.0033274506401995
115.0,-2.5,117.5,0.0,4.458307762865957
120.0,-2.5,122.5,0.0,4.156672721164114
130.0,-2.5,132.5,0.0,7.658351217804125
132.5,-2.5,135.0,0.0,4.241671368686525
135.0,-2.5,137.5,0.0,10.34670428154186
-80.0,0.0,-77.5,2.5,9.38834696661013
-77.5,0.0,-75.0,2.5,2.8716601613433568
10.0,0.0,12.5,2.5,3.7866762851408566
15.0,0.0,17.5,2.5,3.6083403540695826
22.5,0.0,25.0,2.5,15.073387351027577
27.5,0.0,30.0,2.5,2.0033274506401995
30.0,0.0,32.5,2.5,124.9516328521596
32.5,0.0,35.0,2.5,234.8864302428551
35.0,0.0,37.5,2.5,2.369996436023257
37.5,0.0,40.0,2.5,2.7366654214063146
42.5,0.0,45.0,2.5,2.504991175960299
97.5,0.0,100.0,2.5,4.743335094006625
100.0,0.0,102.5,2.5,53.9367636665163
102.5,0.0,105.0,2.5,390.6994774297905
107.5,0.0,110.0,2.5,5.70329181087277
110.0,0.0,112.5,2.5,17.898279766464952
120.0,0.0,122.5,2.5,11.624962835950669
-77.5,2.5,-75.0,5.0,60.950143030568825
-75.0,2.5,-72.5,5.0,29.264993065807744
-72.5,2.5,-70.0,5.0,3.463348490892031
7.5,2.5,10.0,5.0,65.92311223760112
10.0,2.5,12.5,5.0,138.97279006519693
15.0,2.5,17.5,5.0,4.125012388016444
17.5,2.5,20.0,5.0,16.566682897681403
22.5,2.5,25.0,5.0,10.366668985383058
25.0,2.5,27.5,5.0,4.065019172361303
27.5,2.5,30.0,5.0,7.848368006861961
30.0,2.5,32.5,5.0,45.39836933738263
32.5,2.5,35.0,5.0,7.2066688135787444
37.5,2.5,40.0,5.0,5.839999828195687
40.0,2.5,42.5,5.0,2.580007471562112
95.0,2.5,97.5,5.0,4.028347653827382
97.5,2.5,100.0,5.0,319.2276578733681
100.0,2.5,102.5,5.0,55.866733308768744
112.5,2.5,115.0,5.0,12.899993043850827
115.0,2.5,117.5,5.0,2.0033274506401995
-77.5,5.0,-75.0,7.5,3.1133167587099706
-75.0,5.0,-72.5,7.5,7.209996264218944
-10.0,5.0,-7.5,7.5,3.1633276224445126
-7.5,5.0,-5.0,7.5,61.15494467245833
-5.0,5.0,-2.5,7.5,47.910059728583064
-2.5,5.0,0.0,7.5,64.81169648832804
0.0,5.0,2.5,7.5,491.332526415708
2.5,5.0,5.0,7.5,54.5335265618387
5.0,5.0,7.5,7.5,138.65819302839293
7.5,5.0,10.0,7.5,35.358414682168245
10.0,5.0,12.5,7.5,21.648368865883526
12.5,5.0,15.0,7.5,2.865005260062958
15.0,5.0,17.5,7.5,7.009982351920598
20.0,5.0,22.5,7.5,4.836672377555487
30.0,5.0,32.5,7.5,8.051610265668955
35.0,5.0,37.5,7.5,4.376651337303656
37.5,5.0,40.0,7.5,43.43835783034467
42.5,5.0,45.0,7.5,3.8300174762750885
45.0,5.0,47.5,7.5,10.215036992245018
80.0,5.0,82.5,7.5,56.24012675692393
100.0,5.0,102.5,7.5,35.94168004287883
115.0,5.0,117.5,7.5,86.59518444581215
120.0,5.0,122.5,7.5,6.35335918282226
-85.0,7.5,-82.5,10.0,4.191660504951983
-77.5,7.5,-75.0,10.0,11.604998132109472
-75.0,7.5,-72.5,10.0,8.686669328991684
-72.5,7.5,-70.0,10.0,44.64157054651184
-70.0,7.5,-67.5,10.0,2.1283398386566432
-65.0,7.5,-62.5,10.0,4.121684937376244
-12.5,7.5,-10.0,10.0,26.38492041183838
-10.0,7.5,-7.5,10.0,12.276644381154483
-7.5,7.5,-5.0,10.0,18.868332710703157
-5.0,7.5,-2.5,10.0,2.369996436023257
-2.5,7.5,0.0,10.0,11.253352226673087
0.0,7.5,2.5,10.0,43.743434198138175
2.5,7.5,5.0,10.0,49.57183750115894
5.0,7.5,7.5,10.0,35.536710594387614
7.5,7.5,10.0,10.0,61.0468225360778
10.0,7.5,12.5,10.0,67.79817370618423
12.5,7.5,15.0,10.0,12.535037335853644
15.0,7.5,17.5,10.0,67.71851309908254
17.5,7.5,20.0,10.0,15.603383958855147
27.5,7.5,30.0,10.0,4.366668985383058
35.0,7.5,37.5,10.0,24.291667461101156
37.5,7.5,40.0,10.0,260.0151202980818
40.0,7.5,42.5,10.0,20.31337498496805
42.5,7.5,45.0,10.0,2.2633345785936854
75.0,7.5,77.5,10.0,6.518300978521097
80.0,7.5,82.5,10.0,33.376834774246845
97.5,7.5,100.0,10.0,36.02823377837592
122.5,7.5,125.0,10.0,9.331681201595188
125.0,7.5,127.5,10.0,8.986690197439202
-87.5,10.0,-85.0,12.5,4.241671368686525
-75.0,10.0,-72.5,12.5,3.974994568132729
-70.0,10.0,-67.5,12.5,4.103334406789372
-65.0,10.0,-62.5,12.5,28.408495107394515
-15.0,10.0,-12.5,12.5,16.52332693522726
-12.5,10.0,-10.0,12.5,19.161614345058638
-10.0,10.0,-7.5,12.5,30.95835731493173
-7.5,10.0,-5.0,12.5,29.52666915718737
-5.0,10.0,-2.5,12.5,34.94333423498506
-2.5,10.0,0.0,12.5,35.361543924545344
0.0,10.0,2.5,12.5,2.1283398386566432
2.5,10.0,5.0,12.5,17.156672721164114
5.0,10.0,7.5,12.5,17.278357658540358
7.5,10.0,10.0,12.5,74.18333664024544
10.0,10.0,12.5,12.5,33.24498404800681
12.5,10.0,15.0,12.5,32.613267206644196
15.0,10.0,17.5,12.5,2.1316672892968427
22.5,10.0,25.0,12.5,6.138322190577242
25.0,10.0,27.5,12.5,20.066732449747178
27.5,10.0,30.0,12.5,4.868332710703157
30.0,10.0,32.5,12.5,6.555002039694841
35.0,10.0,37.5,12.5,10.489968096013627
37.5,10.0,40.0,12.5,32.19660212884651
75.0,10.0,77.5,12.5,150.24536139810527
77.5,10.0,80.0,12.5,127.06664811693554
97.5,10.0,100.0,12.5,2.369996436023257
102.5,10.0,105.0,12.5,8.686654557671773
105.0,10.0,107.5,12.5,306.6950584600821
107.5,10.0,110.0,12.5,36.54174702730586
122.5,10.0,125.0,12.5,27.0248767850959
-92.5,12.5,-90.0,15.0,6.743349865326536
-90.0,12.5,-87.5,15.0,143.9370419124832
-87.5,12.5,-85.0,15.0,40.45670836093154
-62.5,12.5,-60.0,15.0,10.606627076683708
-17.5,12.5,-15.0,15.0,65.29502445438118
-15.0,12.5,-12.5,15.0,42.30494772102213
-12.5,12.5,-10.0,15.0,2.8683327107031573
-7.5,12.5,-5.0,15.0,35.818222742837065
-5.0,12.5,-2.5,15.0,22.393288590504653
-2.5,12.5,0.0,15.0,23.0783289749221
0.0,12.5,2.5,15.0,17.934980827638697
2.5,12.5,5.0,15.0,19.659935848418627
5.0,12.5,7.5,15.0,38.82336257499469
7.5,12.5,10.0,15.0,56.42482027688095
10.0,12.5,12.5,15.0,6.338336102875587
12.5,12.5,15.0,15.0,5.141649641217441
15.0,12.5,17.5,15.0,4.3733238866634565
20.0,12.5,22.5,15.0,11.479985744093028
22.5,12.5,25.0,15.0,7.433302330998686
27.5,12.5,30.0,15.0,2.865005260062958
30.0,12.5,32.5,15.0,9.845040556221761
32.5,12.5,35.0,15.0,60.54016239669136
35.0,12.5,37.5,15.0,14.876700889369431
37.5,12.5,40.0,15.0,20.17665219632522
42.5,12.5,45.0,15.0,11.929925328292711
45.0,12.5,47.5,15.0,2.655008995844014
75.0,12.5,77.5,15.0,61.051709369800506
77.5,12.5,80.0,15.0,63.83334492691529
100.0,12.5,102.5,15.0,256.40846126964686
102.5,12.5,105.0,15.0,44.638342200003194
105.0,12.5,107.5,15.0,3.993345098719601
107.5,12.5,110.0,15.0,32.760016661167356
120.0,12.5,122.5,15.0,175.1288101117824
122.5,12.5,125.0,15.0,15.311716497753991
-100.0,15.0,-97.5,17.5,4.348333226116097
-97.5,15.0,-95.0,17.5,24.426746533849837
-95.0,15.0,-92.5,17.5,35.26837530661976
-92.5,15.0,-90.0,17.5,18.130038344722607
-90.0,15.0,-87.5,17.5,7.538364786493844
-87.5,15.0,-85.0,17.5,5.221691893525417
-62.5,15.0,-60.0,17.5,89.56372232092758
-17.5,15.0,-15.0,17.5,26.418378355183563
-15.0,15.0,-12.5,17.5,34.10331963546946
-12.5,15.0,-10.0,17.5,3.7616708532735856
-10.0,15.0,-7.5,17.5,2.865005260062958
-5.0,15.0,-2.5,17.5,14.0849838762025
35.0,15.0,37.5,17.5,2.4666759415322304
42.5,15.0,45.0,17.5,2.109989308069771
47.5,15.0,50.0,17.5,8.486640645373427
72.5,15.0,75.0,17.5,37.59340160693455
75.0,15.0,77.5,17.5,56.231674245446015
77.5,15.0,80.0,17.5,14.958372086251643
80.0,15.0,82.5,17.5,81.43033127803278
95.0,15.0,97.5,17.5,3.5483471384144423
97.5,15.0,100.0,17.5,16.181678153031385
100.0,15.0,102.5,17.5,60.45850597112906
102.5,15.0,105.0,17.5,173.84176789575338
105.0,15.0,107.5,17.5,5.395001867890528
120.0,15.0,122.5,17.5,30.888411289995815
-105.0,17.5,-102.5,20.0,31.093381597508596
-102.5,17.5,-100.0,20.0,15.354973356076584
-100.0,17.5,-97.5,20.0,186.24040929799867
-97.5,17.5,-95.0,20.0,77.09839707800268
-92.5,17.5,-90.0,20.0,6.376651337303656
-90.0,17.5,-87.5,20.0,8.373323886663457
-75.0,17.5,-72.5,20.0,3.47000339217243
-72.5,17.5,-70.0,20.0,35.698350186978246
-70.0,17.5,-67.5,20.0,45.00329790800038
-12.5,17.5,-10.0,20.0,3.566682897681403
32.5,17.5,35.0,20.0,6.481699021478903
40.0,17.5,42.5,20.0,25.378280281877892
42.5,17.5,45.0,20.0,7.228346794805816
55.0,17.5,57.5,20.0,2.1283398386566432
72.5,17.5,75.0,20.0,484.6719591832657
75.0,17.5,77.5,20.0,90.41827925105201
77.5,17.5,80.0,20.0,103.2298766352485
80.0,17.5,82.5,20.0,23.168269246339037
82.5,17.5,85.0,20.0,55.341648782195875
92.5,17.5,95.0,20.0,2.1316672892968427
95.0,17.5,97.5,20.0,22.608241249938033
97.5,17.5,100.0,20.0,175.3490997761462
100.0,17.5,102.5,20.0,5.4166798491176
102.5,17.5,105.0,20.0,6.604998132109472
107.5,17.5,110.0,20.0,54.5750806189875
120.0,17.5,122.5,20.0,7.463348490892031
-105.0,20.0,-102.5,22.5,8.878315062623756
-102.5,20.0,-100.0,22.5,53.21322461072759
-100.0,20.0,-97.5,22.5,82.593302502803
-90.0,20.0,-87.5,22.5,12.468374447598194
-77.5,20.0,-75.0,22.5,9.328353750954989
-72.5,20.0,-70.0,22.5,4.110004079389682
0.0,20.0,2.5,22.5,2.495008824039701
40.0,20.0,42.5,22.5,6.081656425562301
70.0,20.0,72.5,22.5,57.72992618731428
72.5,20.0,75.0,22.5,69.83664283491566
75.0,20.0,77.5,22.5,66.08841043097425
77.5,20.0,80.0,22.5,164.62602669837543
80.0,20.0,82.5,22.5,292.42225937627086
82.5,20.0,85.0,22.5,74.92342861642351
85.0,20.0,87.5,22.5,60.436615010318974
95.0,20.0,97.5,22.5,37.84182698103302
97.5,20.0,100.0,22.5,3.4916813733995014
100.0,20.0,102.5,22.5,15.366668985383058
102.5,20.0,105.0,22.5,14.271603653128409
105.0,20.0,107.5,22.5,414.5456352649877
107.5,20.0,110.0,22.5,6.085013418842323
110.0,20.0,112.5,22.5,20.09673859078862
-107.5,22.5,-105.0,25.0,3.363341534742858
-105.0,22.5,-102.5,25.0,39.553373095120605
-102.5,22.5,-100.0,25.0,4.141649641217441
-100.0,22.5,-97.5,25.0,22.805111148539368
37.5,22.5,40.0,25.0,17.708332538898844
45.0,22.5,47.5,25.0,3.2449840480068133
52.5,22.5,55.0,25.0,31.663446736002015
55.0,22.5,57.5,25.0,16.546633861028567
57.5,22.5,60.0,25.0,29.405167656754315
67.5,22.5,70.0,25.0,11.689982008311972
70.0,22.5,72.5,25.0,20.828304198889214
72.5,22.5,75.0,25.0,199.70826297740712
75.0,22.5,77.5,25.0,56.319985572288715
77.5,22.5,80.0,25.0,71.88991158779868
80.0,22.5,82.5,25.0,54.73829436598055
82.5,22.5,85.0,25.0,31.100036498788995
85.0,22.5,87.5,25.0,252.6847683195548
87.5,22.5,90.0,25.0,223.51667203394686
90.0,22.5,92.5,25.0,315.1766774438572
95.0,22.5,97.5,25.0,14.916714629863463
97.5,22.5,100.0,25.0,26.063192019523967
100.0,22.5,102.5,25.0,3.2883400104609564
102.5,22.5,105.0,25.0,41.94493363691947
105.0,22.5,107.5,25.0,11.414966571731725
107.5,22.5,110.0,25.0,76.26986083310271
110.0,22.5,112.5,25.0,32.62998879265683
112.5,22.5,115.0,25.0,74.71855311793445
115.0,22.5,117.5,25.0,237.65771846015934
120.0,22.5,122.5,25.0,29.651626755031998
-112.5,25.0,-110.0,27.5,3.4916813733995014
-110.0,25.0,-107.5,27.5,15.275015436580247
-105.0,25.0,-102.5,27.5,3.006654901280399
-100.0,25.0,-97.5,27.5,61.96492788340049
-82.5,25.0,-80.0,27.5,19.52676826131892
-80.0,25.0,-77.5,27.5,6.505020718600122
12.5,25.0,15.0,27.5,4.228346794805816
30.0,25.0,32.5,27.5,3.6333457859368536
35.0,25.0,37.5,27.5,5.859964532036884
40.0,25.0,42.5,27.5,3.7366654214063146
42.5,25.0,45.0,27.5,188.7295845609599
50.0,25.0,52.5,27.5,6.579992700242201
52.5,25.0,55.0,27.5,4.42334952171791
55.0,25.0,57.5,27.5,15.79170224184702
60.0,25.0,62.5,27.5,3.636658465257142
65.0,25.0,67.5,27.5,9.483313194733228
67.5,25.0,70.0,27.5,78.25339224552499
70.0,25.0,72.5,27.5,16.483313194733228
72.5,25.0,75.0,27.5,107.6199368792445
75.0,25.0,77.5,27.5,94.72165711277955
77.5,25.0,80.0,27.5,63.011626067814746
80.0,25.0,82.5,27.5,192.55327399098906
82.5,25.0,85.0,27.5,244.18339143041726
85.0,25.0,87.5,27.5,231.90683138207442
87.5,25.0,90.0,27.5,136.02502020318718
90.0,25.0,92.5,27.5,215.3583303493566
92.5,25.0,95.0,27.5,75.99147792703036
97.5,25.0,100.0,27.5,2.504991175960299
100.0,25.0,102.5,27.5,6.370011207343168
102.5,25.0,105.0,27.5,23.31827229490284
105.0,25.0,107.5,27.5,90.67837071181714
107.5,25.0,110.0,27.5,13.943334234985059
110.0,25.0,112.5,27.5,91.3682979299573
112.5,25.0,115.0,27.5,20.620035983376056
115.0,25.0,117.5,27.5,50.433302330998686
117.5,25.0,120.0,27.5,56.5966299534432
-112.5,27.5,-110.0,30.0,15.121684937376244
-107.5,27.5,-105.0,30.0,203.66483830396737
-100.0,27.5,-97.5,30.0,12.383321009903966
-97.5,27.5,-95.0,30.0,25.926711753103973
-82.5,27.5,-80.0,30.0,574.3813552464585
-17.5,27.5,-15.0,30.0,4.93667933370466
-15.0,27.5,-12.5,30.0,34.17172534375061
7.5,27.5,10.0,30.0,3.006654901280399
15.0,27.5,17.5,30.0,2.4483401822652695
20.0,27.5,22.5,30.0,4.956658808865768
30.0,27.5,32.5,30.0,17.850096055567747
35.0,27.5,37.5,30.0,8.301649813021754
50.0,27.5,52.5,30.0,34.560027996401004
52.5,27.5,55.0,30.0,36.181762485843024
57.5,27.5,60.0,30.0,11.508318626600499
67.5,27.5,70.0,30.0,3.2000139122983455
70.0,27.5,72.5,30.0,20.940065869624505
72.5,27.5,75.0,30.0,32.19992957948671
75.0,27.5,77.5,30.0,185.79835714312742
77.5,27.5,80.0,30.0,244.25328266518136
80.0,27.5,82.5,30.0,44.38677281220771
82.5,27.5,85.0,30.0,2.4983362746799003
102.5,27.5,105.0,30.0,17.09498099944301
105.0,27.5,107.5,30.0,16.37335342930328
107.5,27.5,110.0,30.0,35.77326737844851
110.0,27.5,112.5,30.0,50.676488768807985
112.5,27.5,115.0,30.0,73.50177760077156
115.0,27.5,117.5,30.0,137.6319507733698
117.5,27.5,120.0,30.0,143.86840227219488
120.0,27.5,122.5,30.0,465.6272001411438
-117.5,30.0,-115.0,32.5,5.473330842812629
-115.0,30.0,-112.5,32.5,11.033274506401995
-112.5,30.0,-110.0,32.5,37.248128061703824
-107.5,30.0,-105.0,32.5,40.39349538898341
-105.0,30.0,-102.5,32.5,4.511646077240698
-102.5,30.0,-100.0,32.5,6.0333588392136335
-100.0,30.0,-97.5,32.5,14.038315234428069
-97.5,30.0,-95.0,32.5,30.824991519568925
-95.0,30.0,-92.5,32.5,19.755015951993187
-92.5,30.0,-90.0,32.5,12.369996436023257
-90.0,30.0,-87.5,32.5,22.050010863734542
-87.5,30.0,-85.0,32.5,51.196686461658146
-85.0,30.0,-82.5,32.5,67.32825464682344
-82.5,30.0,-80.0,32.5,50.33529119331013
-10.0,30.0,-7.5,32.5,15.103334406789372
-7.5,30.0,-5.0,32.5,14.296594313675769
5.0,30.0,7.5,32.5,3.3700112073431683
15.0,30.0,17.5,32.5,21.86316333590571
27.5,30.0,30.0,32.5,4.570010348321603
30.0,30.0,32.5,32.5,334.5031449566952
32.5,30.0,35.0,32.5,33.66484792967333
35.0,30.0,37.5,32.5,4.986690197439202
40.0,30.0,42.5,32.5,6.35335918282226
45.0,30.0,47.5,32.5,51.68505515573736
47.5,30.0,50.0,32.5,174.65857467359922
50.0,30.0,52.5,32.5,15.984991691373239
52.5,30.0,55.0,32.5,2.4233347503979985
55.0,30.0,57.5,32.5,4.928325926358298
60.0,30.0,62.5,32.5,4.329967924209313
65.0,30.0,67.5,32.5,4.589975052162799
70.0,30.0,72.5,32.5,117.70033123411895
72.5,30.0,75.0,32.5,136.68488649011408
75.0,30.0,77.5,32.5,223.29013762065847
102.5,30.0,105.0,32.5,81.14467977946299
105.0,30.0,107.5,32.5,86.50169326795992
107.5,30.0,110.0,32.5,36.60508246492111
110.0,30.0,112.5,32.5,10.22996096806014
112.5,30.0,115.0,32.5,161.29807984015872
115.0,30.0,117.5,32.5,20.69162572420612
117.5,30.0,120.0,32.5,255.55028816670324
120.0,30.0,122.5,32.5,1389.3209130482326
130.0,30.0,132.5,32.5,36.973513336757605
-120.0,32.5,-117.5,35.0,37.7832097115172
-117.5,32.5,-115.0,35.0,251.62236054286757
-115.0,32.5,-112.5,35.0,5.3733238866634565
-112.5,32.5,-110.0,35.0,5.6016706814692725
-110.0,32.5,-107.5,35.0,2.235001696086215
-102.5,32.5,-100.0,35.0,6.363341534742858
-100.0,32.5,-97.5,35.0,39.66480791082142
-97.5,32.5,-95.0,35.0,53.525139316744685
-95.0,32.5,-92.5,35.0,38.294994911741355
-92.5,32.5,-90.0,35.0,12.955029864291532
-90.0,32.5,-87.5,35.0,43.41325329434585
-87.5,32.5,-85.0,35.0,97.43841691562432
-85.0,32.5,-82.5,35.0,243.45903532953446
-82.5,32.5,-80.0,35.0,136.38511673410505
-80.0,32.5,-77.5,35.0,151.99202823785993
-7.5,32.5,-5.0,35.0,14.443299454239195
0.0,32.5,2.5,35.0,10.218364442885218
5.0,32.5,7.5,35.0,6.980035296158803
7.5,32.5,10.0,35.0,25.813196786130902
10.0,32.5,12.5,35.0,63.020331577727575
35.0,32.5,37.5,35.0,175.55121479214097
42.5,32.5,45.0,35.0,9.875002383303467
45.0,32.5,47.5,35.0,32.84818456991877
47.5,32.5,50.0,35.0,41.93499559895861
50.0,32.5,52.5,35.0,33.15506284301762
57.5,32.5,60.0,35.0,6.786676285140857
67.5,32.5,70.0,35.0,13.326655244889025
70.0,32.5,72.5,35.0,91.48979943039035
72.5,32.5,75.0,35.0,207.95822866816036
105.0,32.5,107.5,35.0,14.760056680019261
107.5,32.5,110.0,35.0,32.706811288671815
110.0,32.5,112.5,35.0,17.238329146726414
112.5,32.5,115.0,35.0,408.2016471519804
115.0,32.5,117.5,35.0,296.57328300879
117.5,32.5,120.0,35.0,352.0266891666133
125.0,32.5,127.5,35.0,23.574867639404488
130.0,32.5,132.5,35.0,167.0454108661944
132.5,32.5,135.0,35.0,119.60208186931538
135.0,32.5,137.5,35.0,19.86177691355431
-122.5,35.0,-120.0,37.5,15.61165303338987
-120.0,35.0,-117.5,37.5,12.925068037209826
-117.5,35.0,-115.0,37.5,19.14819066704638
-112.5,35.0,-110.0,37.5,3.739992872046514
-107.5,35.0,-105.0,37.5,22.426563096906648
-102.5,35.0,-100.0,37.5,7.476658293452829
-100.0,35.0,-97.5,37.5,8.974994568132729
-97.5,35.0,-95.0,37.5,138.4360646994894
-95.0,35.0,-92.5,37.5,49.29669341780732
-92.5,35.0,-90.0,37.5,25.76328502652791
-90.0,35.0,-87.5,37.5,49.616693761415945
-87.5,35.0,-85.0,37.5,140.35705350734884
-85.0,35.0,-82.5,37.5,138.76021057432263
-82.5,35.0,-80.0,37.5,67.64479889302049
-80.0,35.0,-77.5,37.5,113.8433820690077
-77.5,35.0,-75.0,37.5,48.04335596245414
-7.5,35.0,-5.0,37.5,44.353234831158716
0.0,35.0,2.5,37.5,152.30478953161094
2.5,35.0,5.0,37.5,101.65165629767182
5.0,35.0,7.5,37.5,122.99324599458805
7.5,35.0,10.0,37.5,48.49169614471941
32.5,35.0,35.0,37.5,12.753302674607312
35.0,35.0,37.5,37.5,106.56353888398439
37.5,35.0,40.0,37.5,17.061607388909465
40.0,35.0,42.5,37.5,6.633331014616942
42.5,35.0,45.0,37.5,126.92461683051181
45.0,35.0,47.5,37.5,27.178365473711096
47.5,35.0,50.0,37.5,22.456708360931543
50.0,35.0,52.5,37.5,8.846684272115908
52.5,35.0,55.0,37.5,4.285012559820757
57.5,35.0,60.0,37.5,57.80661144634223
60.0,35.0,62.5,37.5,14.570054662281336
65.0,35.0,67.5,37.5,5.563355447041204
67.5,35.0,70.0,37.5,27.483313194733228
72.5,35.0,75.0,37.5,7.604998132109472
100.0,35.0,102.5,37.5,14.26829097380812
102.5,35.0,105.0,37.5,208.36655081482377
105.0,35.0,107.5,37.5,80.59849712513244
110.0,35.0,112.5,37.5,123.30108473087228
112.5,35.0,115.0,37.5,167.3710707746601
115.0,35.0,117.5,37.5,383.12865621747903
117.5,35.0,120.0,37.5,224.0034456211995
120.0,35.0,122.5,37.5,5.608355125389494
125.0,35.0,127.5,37.5,26.614940465178165
127.5,35.0,130.0,37.5,121.7368488583495
135.0,35.0,137.5,37.5,252.25500641877932
137.5,35.0,140.0,37.5,267.7661064802983
-125.0,37.5,-122.5,40.0,4.273316930514284
-122.5,37.5,-120.0,40.0,612.8652515542786
-110.0,37.5,-107.5,40.0,16.543380266987924
-107.5,37.5,-105.0,40.0,12.986591093307652
-102.5,37.5,-100.0,40.0,2.369996436023257
-100.0,37.5,-97.5,40.0,11.281685109180557
-97.5,37.5,-95.0,40.0,10.94334900630497
-95.0,37.5,-92.5,40.0,52.05999321565514
-92.5,37.5,-90.0,40.0,56.00322834650865
-90.0,37.5,-87.5,40.0,37.538379557813755
-87.5,37.5,-85.0,40.0,56.465061768277906
-85.0,37.5,-82.5,40.0,62.4883539227593
-82.5,37.5,-80.0,40.0,18.513359354626573
-80.0,37.5,-77.5,40.0,61.723241743394055
-77.5,37.5,-75.0,40.0,81.71003534007264
-30.0,37.5,-27.5,40.0,3.7183148908194426
-10.0,37.5,-7.5,40.0,153.14886962464732
-7.5,37.5,-5.0,40.0,41.66509045189616
-5.0,37.5,-2.5,40.0,31.755030723313098
-2.5,37.5,0.0,40.0,33.60821170729821
0.0,37.5,2.5,40.0,39.403230923573346
7.5,37.5,10.0,40.0,6.821678840248637
15.0,37.5,17.5,40.0,85.42334952171791
20.0,37.5,22.5,40.0,40.708248206087205
22.5,37.5,25.0,40.0,11.306675769727917
25.0,37.5,27.5,40.0,3.9500039075853692
27.5,37.5,30.0,40.0,14.131667289296843
30.0,37.5,32.5,40.0,20.875086716115106
32.5,37.5,35.0,40.0,9.881642513263955
35.0,37.5,37.5,40.0,9.636658465257142
37.5,37.5,40.0,40.0,3.8716601613433568
40.0,37.5,42.5,40.0,8.606612305363797
42.5,37.5,45.0,40.0,7.633331014616942
45.0,37.5,47.5,40.0,4.520014255906972
47.5,37.5,50.0,40.0,77.48159991734735
55.0,37.5,57.5,40.0,9.135009511256953
62.5,37.5,65.0,40.0,42.90656361231959
65.0,37.5,67.5,40.0,159.53840910045358
67.5,37.5,70.0,40.0,167.05140776229803
75.0,37.5,77.5,40.0,12.53333882978768
100.0,37.5,102.5,40.0,25.02841721531911
102.5,37.5,105.0,40.0,2.025005431867271
105.0,37.5,107.5,40.0,145.29466805670688
107.5,37.5,110.0,40.0,20.294895807609805
110.0,37.5,112.5,40.0,11.626690884656455
112.5,37.5,115.0,40.0,13.163327622444513
115.0,37.5,117.5,40.0,630.1756031052204
117.5,37.5,120.0,40.0,11.570054662281336
120.0,37.5,122.5,40.0,120.06820750001805
125.0,37.5,127.5,40.0,12.31003276300794
140.0,37.5,142.5,40.0,225.17868803363774
-125.0,40.0,-122.5,42.5,4.6016706814692725
-122.5,40.0,-120.0,42.5,4.473330842812629
-112.5,40.0,-110.0,42.5,8.524955879801496
-105.0,40.0,-102.5,42.5,8.344991004155986
-102.5,40.0,-100.0,42.5,4.714987440179243
-100.0,40.0,-97.5,42.5,12.639985915897341
-97.5,40.0,-95.0,42.5,384.40344286766606
-95.0,40.0,-92.5,42.5,53.49677071049314
-92.5,40.0,-90.0,42.5,36.188333054311784
-90.0,40.0,-87.5,42.5,69.05342264718638
-87.5,40.0,-85.0,42.5,81.18003873224507
-85.0,40.0,-82.5,42.5,100.7966777034892
-82.5,40.0,-80.0,42.5,268.84918608744636
-80.0,40.0,-77.5,42.5,41.23003052955187
-77.5,40.0,-75.0,42.5,73.01481010036366
-75.0,40.0,-72.5,42.5,303.9401563835404
-72.5,40.0,-70.0,42.5,24.45511325410496
-10.0,40.0,-7.5,42.5,321.77452411853824
-7.5,40.0,-5.0,42.5,14.683341878351484
-5.0,40.0,-2.5,42.5,21.015023079946673
-2.5,40.0,0.0,42.5,17.89336768521025
0.0,40.0,2.5,42.5,162.25511599912295
7.5,40.0,10.0,42.5,4.009982351920598
12.5,40.0,15.0,42.5,134.68989767550033
15.0,40.0,17.5,42.5,116.57959198860817
20.0,40.0,22.5,42.5,31.35326007869071
22.5,40.0,25.0,42.5,39.96501221621213
25.0,40.0,27.5,42.5,25.488269589947663
27.5,40.0,30.0,42.5,197.97127688207058
30.0,40.0,32.5,42.5,30.783106312277823
32.5,40.0,35.0,42.5,13.693324230272083
35.0,40.0,37.5,42.5,105.37962668537739
37.5,40.0,40.0,42.5,2.7366654214063146
40.0,40.0,42.5,42.5,5.705005088258645
42.5,40.0,45.0,42.5,16.361727361488533
45.0,40.0,47.5,42.5,11.683356649671396
47.5,40.0,50.0,42.5,43.43000442299831
60.0,40.0,62.5,42.5,118.905257227672
67.5,40.0,70.0,42.5,140.5794128467728
70.0,40.0,72.5,42.5,108.45636673457716
72.5,40.0,75.0,42.5,3.8716601613433568
75.0,40.0,77.5,42.5,8.460035811571743
80.0,40.0,82.5,42.5,2.1566727211641137
82.5,40.0,85.0,42.5,5.868332710703157
85.0,40.0,87.5,42.5,16.746677315966735
107.5,40.0,110.0,42.5,31.745088390244405
110.0,40.0,112.5,42.5,35.59491667605732
112.5,40.0,115.0,42.5,29.453311348799616
115.0,40.0,117.5,42.5,18.418279251052013
117.5,40.0,120.0,42.5,62.69169528569785
120.0,40.0,122.5,42.5,280.42665790593037
122.5,40.0,125.0,42.5,179.4448693135338
125.0,40.0,127.5,42.5,26.90169154991679
127.5,40.0,130.0,42.5,2.2383291467264144
140.0,40.0,142.5,42.5,46.07829943228228
-125.0,42.5,-122.5,45.0,4.94667645694517
-122.5,42.5,-120.0,45.0,30.65849463589541
-117.5,42.5,-115.0,45.0,202.87215756799753
-112.5,42.5,-110.0,45.0,7.959971488186056
-105.0,42.5,-102.5,45.0,6.251638949287212
-100.0,42.5,-97.5,45.0,6.630003563976743
-97.5,42.5,-95.0,45.0,32.698350186978246
-95.0,42.5,-92.5,45.0,27.270004251193996
-92.5,42.5,-90.0,45.0,88.39813111026763
-90.0,42.5,-87.5,45.0,88.95007776418493
-87.5,42.5,-85.0,45.0,34.27503020790016
-85.0,42.5,-82.5,45.0,64.84192179005674
-82.5,42.5,-80.0,45.0,41.98830437069353
-80.0,42.5,-77.5,45.0,96.15367212555839
-77.5,42.5,-75.0,45.0,26.34327772677011
-75.0,42.5,-72.5,45.0,18.1633128511246
-72.5,42.5,-70.0,45.0,43.655008995844014
-67.5,42.5,-65.0,45.0,7.753302674607312
-7.5,42.5,-5.0,45.0,8.301635041701843
-5.0,42.5,-2.5,45.0,11.548332367094531
-2.5,42.5,0.0,45.0,105.06008802467886
0.0,42.5,2.5,45.0,340.89706526935436
2.5,42.5,5.0,45.0,172.42793474793814
5.0,42.5,7.5,45.0,52.67497369968521
10.0,42.5,12.5,45.0,241.91206602325576
12.5,42.5,15.0,45.0,18.966780283769822
15.0,42.5,17.5,45.0,48.214908345473646
17.5,42.5,20.0,45.0,32.048381919160306
20.0,42.5,22.5,45.0,102.34824889330446
22.5,42.5,25.0,45.0,46.72659873667408
25.0,42.5,27.5,45.0,55.35003173218206
27.5,42.5,30.0,45.0,23.728440660831325
40.0,42.5,42.5,45.0,6.909975395771426
42.5,42.5,45.0,45.0,133.17514760341453
45.0,42.5,47.5,45.0,16.146576493792054
50.0,42.5,52.5,45.0,108.61661990481639
57.5,42.5,60.0,45.0,4.223306066779742
67.5,42.5,70.0,45.0,11.79170224184702
70.0,42.5,72.5,45.0,3.47000339217243
72.5,42.5,75.0,45.0,41.76335458801964
75.0,42.5,77.5,45.0,4.868332710703157
80.0,42.5,82.5,45.0,162.17660170126123
82.5,42.5,85.0,45.0,2.495008824039701
87.5,42.5,90.0,45.0,3.2383439180463256
112.5,42.5,115.0,45.0,4.328353750954989
115.0,42.5,117.5,45.0,36.13185502134786
117.5,42.5,120.0,45.0,28.033358839213633
120.0,42.5,122.5,45.0,105.54153404772285
122.5,42.5,125.0,45.0,100.08001270966815
125.0,42.5,127.5,45.0,123.69638391115745
127.5,42.5,130.0,45.0,17.266662029233885
130.0,42.5,132.5,45.0,7.786691056460768
140.0,42.5,142.5,45.0,2.3733238866634565
142.5,42.5,145.0,45.0,83.9780542490181
-125.0,45.0,-122.5,47.5,26.593386835614638
-120.0,45.0,-117.5,47.5,14.303348319087718
-117.5,45.0,-115.0,47.5,12.764998303913785
-115.0,45.0,-112.5,47.5,5.570025119641514
-112.5,45.0,-110.0,47.5,4.620021212056145
-110.0,45.0,-107.5,47.5,3.2383291467264144
-105.0,45.0,-102.5,47.5,2.369996436023257
-102.5,45.0,-100.0,47.5,2.2633345785936854
-100.0,45.0,-97.5,47.5,5.636658465257142
-97.5,45.0,-95.0,47.5,20.948290630199494
-95.0,45.0,-92.5,47.5,19.128339838656643
-92.5,45.0,-90.0,47.5,10.018350530586872
-90.0,45.0,-87.5,47.5,9.254966399927412
-85.0,45.0,-82.5,47.5,5.363341534742858
-82.5,45.0,-80.0,47.5,16.49333986061356
-80.0,45.0,-77.5,47.5,2.4983362746799003
-77.5,45.0,-75.0,47.5,6.518300978521097
-75.0,45.0,-72.5,47.5,30.241557493235064
-72.5,45.0,-70.0,47.5,32.566697669001314
-65.0,45.0,-62.5,47.5,9.398329318530728
-2.5,45.0,0.0,47.5,136.47962934641873
0.0,45.0,2.5,47.5,48.62496283595067
2.5,45.0,5.0,47.5,74.33832133155568
5.0,45.0,7.5,47.5,241.33344497404505
7.5,45.0,10.0,47.5,66.98810616243043
10.0,45.0,12.5,47.5,102.83178554383278
12.5,45.0,15.0,47.5,26.541692237134043
15.0,45.0,17.5,47.5,102.5382804536822
17.5,45.0,20.0,47.5,71.39167441725033
20.0,45.0,22.5,47.5,106.1648974817391
22.5,45.0,25.0,47.5,63.19838496772411
25.0,45.0,27.5,47.5,21.61165303338987
27.5,45.0,30.0,47.5,73.1566579498442
30.0,45.0,32.5,47.5,3.3700112073431683
32.5,45.0,35.0,47.5,29.070059900387378
37.5,45.0,40.0,47.5,46.079829272724965
40.0,45.0,42.5,47.5,33.2600218992734
42.5,45.0,45.0,47.5,5.360014084102659
47.5,45.0,50.0,47.5,11.638371742643017
52.5,45.0,55.0,47.5,3.9900176480794016
72.5,45.0,75.0,47.5,5.356686633462459
80.0,45.0,82.5,47.5,8.468374447598194
82.5,45.0,85.0,47.5,13.178365473711096
85.0,45.0,87.5,47.5,4.790003735781056
95.0,45.0,97.5,47.5,2.134994739937042
120.0,45.0,122.5,47.5,23.23328841870034
122.5,45.0,125.0,47.5,42.818321846968615
125.0,45.0,127.5,47.5,150.1566431785243
127.5,45.0,130.0,47.5,15.150003048563804
130.0,45.0,132.5,47.5,14.831675963489147
132.5,45.0,135.0,47.5,9.24004242411229
-125.0,47.5,-122.5,50.0,32.288226135009495
-120.0,47.5,-117.5,50.0,5.508318626600499
-117.5,47.5,-115.0,50.0,13.503362231386063
-105.0,47.5,-102.5,50.0,2.3666689853830576
-102.5,47.5,-100.0,50.0,4.6016706814692725
-100.0,47.5,-97.5,50.0,4.131667289296843
-97.5,47.5,-95.0,50.0,6.714987440179243
-95.0,47.5,-92.5,50.0,6.981649469413128
-87.5,47.5,-85.0,50.0,2.96833966685233
-80.0,47.5,-77.5,50.0,3.363341534742858
-72.5,47.5,-70.0,50.0,8.075001524281902
-5.0,47.5,-2.5,50.0,85.298248505782
-2.5,47.5,0.0,50.0,118.09837801157494
0.0,47.5,2.5,50.0,110.966487266483
2.5,47.5,5.0,50.0,47.63665846525714
5.0,47.5,7.5,50.0,185.05517594342416
7.5,47.5,10.0,50.0,228.28636325842808
10.0,47.5,12.5,50.0,190.15464736006368
12.5,47.5,15.0,50.0,90.84016849381896
15.0,47.5,17.5,50.0,80.19006110301757
17.5,47.5,20.0,50.0,83.33005225702095
20.0,47.5,22.5,50.0,144.061731740573
22.5,47.5,25.0,50.0,10.216680708139165
25.0,47.5,27.5,50.0,45.398314547210816
27.5,47.5,30.0,50.0,37.0632363334837
30.0,47.5,32.5,50.0,18.238343918046326
32.5,47.5,35.0,50.0,9.680014427711285
35.0,47.5,37.5,50.0,18.95667358018568
37.5,47.5,40.0,50.0,49.846753833607636
40.0,47.5,42.5,50.0,5.025005431867271
42.5,47.5,45.0,50.0,27.64672514998938
60.0,47.5,62.5,50.0,2.6083255827496714
70.0,47.5,72.5,50.0,3.5083186266004986
72.5,47.5,75.0,50.0,4.701677637618445
82.5,47.5,85.0,50.0,6.096679505508973
102.5,47.5,105.0,50.0,4.576680020921913
105.0,47.5,107.5,50.0,3.134994739937042
122.5,47.5,125.0,50.0,19.921656253757988
125.0,47.5,127.5,50.0,28.188417387123422
127.5,47.5,130.0,50.0,3.241656597366614
132.5,47.5,135.0,50.0,3.5083186266004986
-115.0,50.0,-112.5,52.5,103.18051518647508
-110.0,50.0,-107.5,52.5,2.8683327107031573
-107.5,50.0,-105.0,52.5,2.8716601613433568
-105.0,50.0,-102.5,52.5,3.8683327107031573
-102.5,50.0,-100.0,52.5,4.335008652235388
-10.0,50.0,-7.5,52.5,2.0533383143747415
-5.0,50.0,-2.5,52.5,25.586691915482334
-2.5,50.0,0.0,52.5,142.42996010903857
0.0,50.0,2.5,52.5,97.49000811486553
2.5,50.0,5.0,52.5,277.67487030044583
5.0,50.0,7.5,52.5,376.82644750341206
7.5,50.0,10.0,52.5,82.68165814360543
10.0,50.0,12.5,52.5,93.14837410398957
12.5,50.0,15.0,52.5,180.5866728490546
15.0,50.0,17.5,52.5,92.75841296412511
17.5,50.0,20.0,52.5,79.19335901101795
20.0,50.0,22.5,52.5,105.95013255435674
22.5,50.0,25.0,52.5,34.58340448369404
25.0,50.0,27.5,52.5,27.17996487564551
27.5,50.0,30.0,52.5,27.833330155595377
30.0,50.0,32.5,52.5,22.32005942888827
32.5,50.0,35.0,52.5,17.354973356076584
35.0,50.0,37.5,52.5,17.924983704398187
37.5,50.0,40.0,52.5,8.655008995844014
40.0,50.0,42.5,52.5,12.843327278835886
42.5,50.0,45.0,52.5,9.071674073641702
45.0,50.0,47.5,52.5,18.093381597508596
47.5,50.0,50.0,52.5,8.836672377555487
50.0,50.0,52.5,52.5,93.30466517994739
52.5,50.0,55.0,52.5,4.025005431867271
55.0,50.0,57.5,52.5,3.3983293185307275
57.5,50.0,60.0,52.5,66.68360964810631
65.0,50.0,67.5,52.5,4.608325582749671
70.0,50.0,72.5,52.5,104.39438817667349
80.0,50.0,82.5,52.5,12.676686977071085
105.0,50.0,107.5,52.5,7.019964703841197
107.5,50.0,110.0,52.5,9.656623169098339
120.0,50.0,122.5,52.5,3.7433203226867136
127.5,50.0,130.0,52.5,4.620021212056145
-130.0,52.5,-127.5,55.0,2.4483401822652695
-117.5,52.5,-115.0,55.0,6.171681029790875
-115.0,52.5,-112.5,55.0,145.63578748049736
-112.5,52.5,-110.0,55.0,5.291667461101156
-102.5,52.5,-100.0,55.0,3.2383291467264144
-10.0,52.5,-7.5,55.0,40.4816990214789
-7.5,52.5,-5.0,55.0,65.93012353655581
-2.5,52.5,0.0,55.0,277.6288110547806
7.5,52.5,10.0,55.0,101.18022835029251
10.0,52.5,12.5,55.0,80.44144275876204
12.5,52.5,15.0,55.0,45.436644552958796
15.0,52.5,17.5,55.0,21.85835035878256
17.5,52.5,20.0,55.0,66.69162572420612
20.0,52.5,22.5,55.0,37.79837191444733
22.5,52.5,25.0,55.0,87.07979973008514
25.0,52.5,27.5,55.0,16.493379879465465
27.5,52.5,30.0,55.0,17.483313194733228
30.0,52.5,32.5,55.0,13.4983362746799
32.5,52.5,35.0,55.0,12.310003220368117
35.0,52.5,37.5,55.0,6.723355618845517
37.5,52.5,40.0,55.0,8.466690712852142
40.0,52.5,42.5,55.0,5.093352054868774
42.5,52.5,45.0,55.0,17.71006058760463
45.0,52.5,47.5,55.0,19.461635213506156
47.5,52.5,50.0,55.0,9.824991519568925
50.0,52.5,52.5,55.0,14.323327794248826
52.5,52.5,55.0,55.0,15.560042767720915
55.0,52.5,57.5,55.0,34.42843026859589
57.5,52.5,60.0,55.0,12.5049911759603
60.0,52.5,62.5,55.0,9.025020203187182
62.5,52.5,65.0,55.0,6.7433203226867136
65.0,52.5,67.5,55.0,6.1449770918576405
67.5,52.5,70.0,55.0,4.630003563976743
70.0,52.5,72.5,55.0,2.5016637253200997
72.5,52.5,75.0,55.0,7.991631821333726
75.0,52.5,77.5,55.0,3.0033274506401995
77.5,52.5,80.0,55.0,6.6266761133365435
80.0,52.5,82.5,55.0,23.956544933414307
82.5,52.5,85.0,55.0,23.748346279392877
85.0,52.5,87.5,55.0,4.8499969514361965
90.0,52.5,92.5,55.0,85.96114493095445
-120.0,55.0,-117.5,57.5,3.109989308069771
-112.5,55.0,-110.0,57.5,4.05999321565514
-5.0,55.0,-2.5,57.5,73.59831368818925
7.5,55.0,10.0,57.5,61.8316168782095
10.0,55.0,12.5,57.5,2.3916744172503286
12.5,55.0,15.0,57.5,24.1666403017648
15.0,55.0,17.5,57.5,3.6833418783514844
20.0,55.0,22.5,57.5,13.608325582749671
22.5,55.0,25.0,57.5,21.77336648258006
25.0,55.0,27.5,57.5,10.363341534742858
27.5,55.0,30.0,57.5,2.7616708532735856
35.0,55.0,37.5,57.5,11.341663553515787
37.5,55.0,40.0,57.5,46.5016637253201
40.0,55.0,42.5,57.5,31.58998982348271
42.5,55.0,45.0,57.5,177.24792985344072
45.0,55.0,47.5,57.5,10.351645905436385
47.5,55.0,50.0,57.5,10.881642513263955
50.0,55.0,52.5,57.5,25.74671733481864
52.5,55.0,55.0,57.5,15.671661020364922
55.0,55.0,57.5,57.5,5.755015951993187
57.5,55.0,60.0,57.5,5.886683241290029
60.0,55.0,62.5,57.5,8.636673236577053
62.5,55.0,65.0,57.5,30.646779940161196
65.0,55.0,67.5,57.5,10.238343918046326
82.5,55.0,85.0,57.5,5.009982351920598
85.0,55.0,87.5,57.5,21.815063957820144
87.5,55.0,90.0,57.5,4.488353922759302
90.0,55.0,92.5,57.5,2.479985744093028
92.5,55.0,95.0,57.5,15.08508298033405
95.0,55.0,97.5,57.5,8.563355447041204
100.0,55.0,102.5,57.5,15.529981836507659
-5.0,57.5,-2.5,60.0,2.479985744093028
5.0,57.5,7.5,60.0,3.1250123880164438
7.5,57.5,10.0,60.0,5.5833201508824
10.0,57.5,12.5,60.0,12.608340354069583
12.5,57.5,15.0,60.0,15.298307591061644
15.0,57.5,17.5,60.0,37.383390571395694
22.5,57.5,25.0,60.0,7.761670853273586
25.0,57.5,27.5,60.0,15.64664081717774
30.0,57.5,32.5,60.0,16.376636565983745
35.0,57.5,37.5,60.0,3.7683257545539846
47.5,57.5,50.0,60.0,2.0033274506401995
55.0,57.5,57.5,60.0,3.604998132109472
80.0,57.5,82.5,60.0,2.8499821801162852
97.5,57.5,100.0,60.0,2.479985744093028
10.0,60.0,12.5,62.5,2.0033274506401995
12.5,60.0,15.0,62.5,2.0033274506401995
15.0,60.0,17.5,62.5,6.241656597366614
20.0,60.0,22.5,62.5,9.528283330441695
22.5,60.0,25.0,62.5,35.55334784758861
25.0,60.0,27.5,62.5,6.663362403190376
27.5,60.0,30.0,62.5,18.2516241779673
37.5,60.0,40.0,62.5,2.316672892968427
45.0,60.0,47.5,62.5,2.7683257545539846
62.5,60.0,65.0,62.5,10.713373266924918
67.5,60.0,70.0,62.5,4.511646077240698
72.5,60.0,75.0,62.5,17.37843417618126
75.0,60.0,77.5,62.5,11.163312851124601
-70.0,62.5,-67.5,65.0,2.504991175960299
7.5,62.5,10.0,65.0,2.2383291467264144
10.0,62.5,12.5,65.0,10.483313194733228
22.5,62.5,25.0,65.0,5.865005260062958
52.5,62.5,55.0,65.0,19.99000287675949
75.0,65.0,77.5,67.5,2.0033274506401995
15.0,67.5,17.5,70.0,3.5083186266004986
160.0,67.5,162.5,70.0,2.504991175960299
